Date,Americanas,Ibovespa,CVC,MAGALU,WEG
2020-01-02,65.18000030517578,114.23999786376953,44.709999084472656,12.332500457763672,17.6200008392334
2020-01-03,64.30000305175781,113.80000305175781,44.20000076293945,12.22249984741211,17.395000457763672
2020-01-06,63.900001525878906,112.58999633789062,43.81999969482422,12.232500076293945,17.440000534057617
2020-01-07,63.7400016784668,112.23999786376953,44.400001525878906,12.197500228881836,17.575000762939453
2020-01-08,64.58999633789062,111.94999694824219,44.34000015258789,12.572500228881836,16.90999984741211
2020-01-09,68.04000091552734,111.66000366210938,43.38999938964844,13.020000457763672,16.65999984741211
2020-01-10,66.77999877929688,111.27999877929688,42.040000915527344,12.949999809265137,17.0
2020-01-13,69.16999816894531,113.08000183105469,41.599998474121094,13.557499885559082,17.15999984741211
2020-01-14,68.3499984741211,113.31999969482422,42.5,13.5,17.5
2020-01-15,70.11000061035156,112.18000030517578,41.38999938964844,13.414999961853027,17.614999771118164
2020-01-16,70.36000061035156,112.3499984741211,41.06999969482422,13.364999771118164,17.934999465942383
2020-01-17,71.26000213623047,114.0999984741211,41.63999938964844,13.587499618530273,18.399999618530273
2020-01-20,75.68000030517578,114.41000366210938,41.0,14.0,18.96500015258789
2020-01-21,76.55999755859375,112.6500015258789,39.33000183105469,13.977499961853027,18.7450008392334
2020-01-22,75.8499984741211,114.0999984741211,39.7400016784668,13.922499656677246,19.450000762939453
2020-01-23,75.3499984741211,115.20999908447266,40.40999984741211,14.145000457763672,19.825000762939453
2020-01-24,74.25,114.0,39.540000915527344,14.037500381469727,20.71500015258789
2020-01-27,72.12999725341797,110.29000091552734,37.81999969482422,13.449999809265137,20.485000610351562
2020-01-28,75.05000305175781,112.30000305175781,38.40999984741211,14.2475004196167,21.0049991607666
2020-01-29,75.44000244140625,110.87999725341797,37.0099983215332,14.322500228881836,21.19499969482422
2020-01-30,74.0,111.19000244140625,36.22999954223633,14.125,20.485000610351562
2020-01-31,71.19999694824219,108.9000015258789,36.5,13.949999809265137,19.704999923706055
2020-02-03,71.41999816894531,110.41999816894531,36.65999984741211,14.132499694824219,20.334999084472656
2020-02-04,73.44999694824219,111.20999908447266,37.20000076293945,14.414999961853027,20.260000228881836
2020-02-05,73.5,111.7699966430664,37.0,14.324999809265137,20.684999465942383
2020-02-06,71.5,110.94999694824219,36.52000045776367,13.957500457763672,21.420000076293945
2020-02-07,67.95999908447266,109.3499984741211,35.0,13.557499885559082,20.549999237060547
2020-02-10,65.7699966430664,108.79000091552734,32.88999938964844,13.095000267028809,20.764999389648438
2020-02-11,70.5999984741211,111.30000305175781,34.599998474121094,13.567500114440918,21.524999618530273
2020-02-12,70.93000030517578,112.44999694824219,33.7400016784668,13.984999656677246,22.280000686645508
2020-02-13,73.33000183105469,110.9000015258789,33.880001068115234,14.262499809265137,22.78499984741211
2020-02-14,70.5999984741211,110.08000183105469,33.099998474121094,14.082500457763672,22.78499984741211
2020-02-17,71.6500015258789,110.80000305175781,33.34000015258789,14.712499618530273,22.889999389648438
2020-02-18,71.75738525390625,111.13999938964844,30.589296340942383,14.555000305175781,22.350000381469727
2020-02-19,72.9533462524414,112.08000183105469,30.673980712890625,14.46500015258789,24.40999984741211
2020-02-20,70.75079345703125,110.19999694824219,30.17529296875,14.135000228881836,23.7450008392334
2020-02-21,72.51482391357422,109.44999694824219,29.05559730529785,14.112500190734863,24.899999618530273
2020-02-26,65.45868682861328,101.9000015258789,25.762380599975586,13.220000267028809,23.415000915527344
2020-02-27,62.49869155883789,99.19999694824219,24.6615047454834,12.5625,21.985000610351562
2020-02-28,61.94057846069336,100.5999984741211,24.209861755371094,12.630000114440918,21.575000762939453
2020-03-02,63.13653564453125,102.98999786376953,21.641151428222656,13.137499809265137,23.4950008392334
2020-03-03,66.285888671875,101.75,21.18010139465332,13.212499618530273,23.959999084472656
2020-03-04,68.34891510009766,103.0999984741211,20.869596481323242,13.112500190734863,24.229999542236328
2020-03-05,62.1399040222168,98.79000091552734,18.81839370727539,11.947500228881836,23.350000381469727
2020-03-06,56.0704231262207,94.4000015258789,21.528240203857422,11.332500457763672,22.010000228881836
2020-03-09,49.08404541015625,82.69999694824219,18.347932815551758,10.09000015258789,19.875
2020-03-10,54.73493957519531,88.62999725341797,20.474411010742188,11.7475004196167,20.954999923706055
2020-03-11,51.61548614501953,82.05999755859375,18.103294372558594,10.770000457763672,19.600000381469727
2020-03-12,42.855106353759766,70.0999984741211,12.83414363861084,8.5,16.5
2020-03-13,54.59541320800781,79.48999786376953,14.443116188049316,10.5,17.264999389648438
2020-03-16,49.33320236206055,68.4000015258789,9.785564422607422,8.517499923706055,13.704999923706055
2020-03-17,53.51905059814453,71.0,9.362150192260742,8.892499923706055,14.34000015258789
2020-03-18,50.82815170288086,65.01000213623047,6.106567859649658,7.202499866485596,13.234999656677246
2020-03-19,48.50600051879883,65.0,7.009850978851318,7.637499809265137,14.364999771118164
2020-03-20,49.04418182373047,64.7699966430664,7.724949836730957,7.662499904632568,16.184999465942383
2020-03-23,45.18722152709961,61.13999938964844,7.160398006439209,7.552499771118164,17.600000381469727
2020-03-24,54.6153450012207,67.4000015258789,8.23304557800293,9.170000076293945,18.030000686645508
2020-03-25,59.79782485961914,71.7300033569336,8.797597885131836,10.0,18.68000030517578
2020-03-26,55.92093276977539,74.56999969482422,11.648585319519043,10.279999732971191,18.975000381469727
2020-03-27,51.10720443725586,70.22000122070312,12.08140754699707,9.75,17.68000030517578
2020-03-30,50.81818389892578,71.97000122070312,12.184908866882324,10.399999618530273,17.010000228881836
2020-03-31,47.8382568359375,69.3499984741211,10.444208145141602,9.7475004196167,16.78499984741211
2020-04-01,47.91798782348633,68.18000030517578,8.844643592834473,9.369999885559082,16.21500015258789
2020-04-02,49.57239532470703,69.62999725341797,9.644426345825195,8.97249984741211,17.049999237060547
2020-04-03,44.948028564453125,66.9000015258789,9.315103530883789,8.885000228881836,16.44499969482422
2020-04-06,53.6585807800293,71.56999969482422,9.71969985961914,9.550000190734863,16.639999389648438
2020-04-07,57.30624771118164,73.51000213623047,10.914667129516602,10.022500038146973,18.649999618530273
2020-04-08,61.18313980102539,75.7300033569336,11.055805206298828,10.489999771118164,19.9950008392334
2020-04-09,57.53547286987305,74.87000274658203,12.184908866882324,10.412500381469727,19.149999618530273
2020-04-13,58.10354995727539,75.95999908447266,12.32604694366455,10.477499961853027,19.6299991607666
2020-04-14,59.29950714111328,76.8499984741211,13.436331748962402,10.725000381469727,19.450000762939453
2020-04-15,62.58838653564453,76.05000305175781,13.64333438873291,10.962499618530273,19.0
2020-04-16,64.4720230102539,74.93000030517578,13.737425804138184,11.392499923706055,19.0049991607666
2020-04-17,61.591758728027344,76.0,13.803291320800781,11.147500038146973,19.229999542236328
2020-04-20,64.44212341308594,75.66000366210938,13.699790000915527,12.119999885559082,19.549999237060547
2020-04-22,75.4947509765625,77.69999694824219,13.97265625,12.637499809265137,20.459999084472656
2020-04-23,72.55469512939453,76.6500015258789,13.097600936889648,12.367500305175781,19.795000076293945
2020-04-24,68.44857788085938,72.41000366210938,11.281625747680664,11.845000267028809,19.354999542236328
2020-04-27,74.93663787841797,75.29000091552734,11.629766464233398,12.375,20.299999237060547
2020-04-28,76.9498291015625,78.30000305175781,13.31401252746582,12.949999809265137,20.790000915527344
2020-04-29,77.52787780761719,80.18000030517578,13.351649284362793,12.654999732971191,20.700000762939453
2020-04-30,73.003173828125,77.20999908447266,12.98469066619873,12.425000190734863,19.969999313354492
2020-05-04,73.8204116821289,76.0999984741211,12.147272109985352,12.859999656677246,19.920000076293945
2020-05-05,74.60774993896484,76.54000091552734,11.657994270324707,12.550000190734863,19.5049991607666
2020-05-06,88.87950134277344,76.19999694824219,10.971122741699219,13.787500381469727,19.415000915527344
2020-05-07,89.89606475830078,75.4000015258789,10.256024360656738,14.197500228881836,19.545000076293945
2020-05-08,87.20516204833984,77.43000030517578,11.18753433227539,13.885000228881836,19.1200008392334
2020-05-11,86.64704895019531,76.13999938964844,10.500662803649902,13.737500190734863,19.415000915527344
2020-05-12,89.20838928222656,75.0,10.114886283874512,13.699999809265137,18.75
2020-05-13,91.10198211669922,75.1500015258789,10.086657524108887,13.774999618530273,19.0
2020-05-14,88.55061340332031,76.25,9.98315715789795,13.875,18.674999237060547
2020-05-15,85.77997589111328,74.55999755859375,9.926701545715332,13.782500267028809,18.204999923706055
2020-05-18,83.8365478515625,78.02999877929688,11.836769104003906,13.9375,18.309999465942383
2020-05-19,91.84945678710938,77.6500015258789,11.648585319519043,14.645000457763672,18.459999084472656
2020-05-20,88.231689453125,78.44999694824219,12.44836711883545,14.225000381469727,18.81999969482422
2020-05-21,86.30818939208984,79.97000122070312,12.166090965270996,14.572500228881836,18.719999313354492
2020-05-22,84.86307525634766,79.94000244140625,11.733267784118652,14.412500381469727,18.6200008392334
2020-05-25,87.08556365966797,82.5999984741211,13.266966819763184,15.100000381469727,19.020000457763672
2020-05-26,95.07853698730469,82.44999694824219,12.702415466308594,16.1200008392334,20.209999084472656
2020-05-27,93.68325805664062,84.68000030517578,14.349023818969727,16.84000015258789,20.290000915527344
2020-05-28,92.1783447265625,83.6500015258789,13.869154930114746,16.3125,20.34000015258789
2020-05-29,91.311279296875,84.1500015258789,13.549242973327637,16.087499618530273,20.915000915527344
2020-06-01,91.0920181274414,85.33000183105469,14.584254264831543,15.925000190734863,21.079999923706055
2020-06-02,88.88946533203125,87.77999877929688,17.5011043548584,15.449999809265137,21.209999084472656
2020-06-03,87.0556640625,89.37000274658203,18.64902687072754,15.595000267028809,21.299999237060547
2020-06-04,85.7401123046875,90.30999755859375,18.63020896911621,15.1225004196167,21.899999618530273
2020-06-05,86.03910064697266,91.05000305175781,19.67462921142578,14.862500190734863,22.165000915527344
2020-06-08,92.6866226196289,93.94999694824219,21.678787231445312,15.595000267028809,22.899999618530273
2020-06-09,94.18157196044922,92.94999694824219,22.62911605834961,15.595000267028809,22.905000686645508
2020-06-10,99.36405181884766,91.16999816894531,21.622333526611328,16.149999618530273,22.4950008392334
2020-06-12,99.13482666015625,89.25,19.580537796020508,15.987500190734863,22.125
2020-06-15,101.556640625,89.06999969482422,19.241806030273438,16.462499618530273,22.135000228881836
2020-06-16,99.74276733398438,90.0,18.601980209350586,16.5,22.3799991607666
2020-06-17,105.84214782714844,91.94999694824219,18.319704055786133,16.797500610351562,23.079999923706055
2020-06-18,104.52659606933594,92.62999725341797,18.065656661987305,17.424999237060547,23.065000534057617
2020-06-19,103.6495590209961,92.63999938964844,18.667844772338867,17.850000381469727,23.104999542236328
2020-06-22,102.0549545288086,91.75,18.44202423095703,17.725000381469727,22.799999237060547
2020-06-23,102.95191955566406,92.26000213623047,18.49847984313965,17.5625,23.059999465942383
2020-06-24,105.91191101074219,90.7699966430664,17.65165138244629,17.450000762939453,23.024999618530273
2020-06-25,104.89534759521484,92.38999938964844,17.200010299682617,17.422500610351562,24.610000610351562
2020-06-26,102.75259399414062,90.22000122070312,16.654277801513672,17.337499618530273,25.0
2020-06-29,105.79231262207031,92.30000305175781,17.124736785888672,17.602500915527344,24.959999084472656
2020-06-30,106.68928527832031,91.62000274658203,17.068281173706055,17.912500381469727,25.30500030517578
2020-07-01,111.64253234863281,92.68000030517578,17.962156295776367,18.075000762939453,26.295000076293945
2020-07-02,107.56631469726562,92.5,18.14093017578125,17.524999618530273,26.78499984741211
2020-07-03,108.4931869506836,93.19000244140625,18.5455265045166,18.0,27.0
2020-07-06,117.8515396118164,95.30999755859375,20.502639770507812,17.997499465942383,26.600000381469727
2020-07-07,116.7054214477539,94.0999984741211,19.081850051879883,18.68000030517578,26.954999923706055
2020-07-08,115.02111053466797,96.0999984741211,17.924518585205078,19.174999237060547,27.149999618530273
2020-07-09,119.77503967285156,95.41000366210938,18.159748077392578,19.850000381469727,27.229999542236328
2020-07-10,119.8348388671875,96.33999633789062,20.700231552124023,20.045000076293945,27.350000381469727
2020-07-13,116.60575866699219,95.05000305175781,21.189510345458984,20.125,27.469999313354492
2020-07-14,115.3001708984375,96.5999984741211,21.358875274658203,20.125,26.9950008392334
2020-07-15,113.60589599609375,98.02999877929688,21.700000762939453,20.375,27.174999237060547
2020-07-16,110.23728942871094,96.81999969482422,22.200000762939453,20.045000076293945,27.274999618530273
2020-07-17,115.09087371826172,99.12999725341797,21.799999237060547,20.5,29.045000076293945
2020-07-20,119.23686218261719,100.5,21.6200008392334,21.75,30.079999923706055
2020-07-21,118.82823944091797,100.29000091552734,22.649999618530273,21.075000762939453,29.940000534057617
2020-07-22,125.12694549560547,100.37999725341797,21.899999618530273,21.162500381469727,34.099998474121094
2020-07-23,119.59564971923828,98.4000015258789,21.100000381469727,20.100000381469727,33.4900016784668
2020-07-24,121.18029022216797,98.58999633789062,20.639999389648438,19.917499542236328,33.35499954223633
2020-07-27,120.5,100.45999908447266,21.010000228881836,19.837499618530273,34.974998474121094
2020-07-28,121.83000183105469,100.05000305175781,21.489999771118164,20.100000381469727,33.595001220703125
2020-07-29,123.41000366210938,101.4800033569336,21.440000534057617,20.052499771118164,33.4900016784668
2020-07-30,122.0,101.30999755859375,21.5,20.822500228881836,34.0
2020-07-31,119.31999969482422,99.29000091552734,20.799999237060547,20.177499771118164,33.67499923706055
2020-08-03,126.0,99.19999694824219,20.0,20.642499923706055,33.28499984741211
2020-08-04,122.98999786376953,97.5999984741211,18.920000076293945,20.625,33.39500045776367
2020-08-05,121.5,98.98999786376953,19.850000381469727,20.75,34.099998474121094
2020-08-06,123.01000213623047,100.16999816894531,19.59000015258789,21.477500915527344,34.915000915527344
2020-08-07,121.66999816894531,98.83000183105469,19.010000228881836,21.412500381469727,34.224998474121094
2020-08-10,121.77999877929688,99.54000091552734,19.100000381469727,20.482500076293945,34.494998931884766
2020-08-11,120.0,98.19999694824219,20.350000381469727,20.247499465942383,33.685001373291016
2020-08-12,120.26000213623047,98.33000183105469,19.719999313354492,20.014999389648438,34.0
2020-08-13,122.0,96.51000213623047,18.93000030517578,20.112499237060547,34.45000076293945
2020-08-14,113.5999984741211,97.47000122070312,19.440000534057617,20.440000534057617,34.584999084472656
2020-08-17,108.45999908447266,95.83000183105469,18.8700008392334,20.412500381469727,33.98500061035156
2020-08-18,114.4000015258789,98.25,19.34000015258789,22.375,33.849998474121094
2020-08-19,112.38999938964844,97.0,18.940000534057617,22.424999237060547,32.939998626708984
2020-08-20,112.80999755859375,97.66999816894531,19.170000076293945,21.837499618530273,33.61000061035156
2020-08-21,115.7699966430664,97.5999984741211,19.969999313354492,21.837499618530273,33.79999923706055
2020-08-24,115.13999938964844,98.5,20.09000015258789,21.770000457763672,33.23500061035156
2020-08-25,114.33000183105469,98.3499984741211,19.649999618530273,22.0,34.14500045776367
2020-08-26,111.0,96.62999725341797,18.8700008392334,22.537500381469727,33.21500015258789
2020-08-27,111.2300033569336,96.87000274658203,19.09000015258789,22.9950008392334,33.14500045776367
2020-08-28,115.55999755859375,98.30000305175781,19.15999984741211,23.645000457763672,33.595001220703125
2020-08-31,112.08999633789062,95.69999694824219,18.299999237060547,23.30500030517578,32.310001373291016
2020-09-01,113.51000213623047,98.3499984741211,18.700000762939453,23.832500457763672,33.46500015258789
2020-09-02,110.9000015258789,98.1500015258789,18.5,23.377500534057617,33.404998779296875
2020-09-03,102.5,96.95999908447266,18.100000381469727,22.125,32.21500015258789
2020-09-04,102.30000305175781,97.41999816894531,18.06999969482422,22.1924991607666,32.244998931884766
2020-09-08,99.36000061035156,96.80000305175781,18.0,21.922500610351562,31.5
2020-09-09,102.80000305175781,97.5,17.709999084472656,22.799999237060547,32.46500015258789
2020-09-10,100.18000030517578,95.04000091552734,17.059999465942383,22.0625,31.209999084472656
2020-09-11,98.16000366210938,94.4800033569336,16.8799991607666,21.892499923706055,31.045000076293945
2020-09-14,100.47000122070312,96.51000213623047,17.639999389648438,22.575000762939453,31.665000915527344
2020-09-15,99.9000015258789,96.45999908447266,17.479999542236328,22.395000457763672,32.040000915527344
2020-09-16,98.5,95.91000366210938,18.200000762939453,22.292499542236328,31.469999313354492
2020-09-17,97.30999755859375,96.37000274658203,17.799999237060547,21.774999618530273,31.40999984741211
2020-09-18,94.19000244140625,94.63999938964844,17.280000686645508,21.790000915527344,30.9950008392334
2020-09-21,97.97000122070312,93.4000015258789,16.520000457763672,22.174999237060547,31.700000762939453
2020-09-22,94.25,93.66999816894531,16.200000762939453,22.372499465942383,32.310001373291016
2020-09-23,91.4000015258789,92.16999816894531,16.360000610351562,21.6200008392334,31.25
2020-09-24,95.1500015258789,93.30000305175781,17.1200008392334,22.325000762939453,32.244998931884766
2020-09-25,95.41000366210938,93.5,16.75,22.657499313354492,32.125
2020-09-28,91.2300033569336,91.19999694824219,16.25,21.86750030517578,31.44499969482422
2020-09-29,89.16999816894531,89.91999816894531,15.619999885559082,21.8700008392334,32.470001220703125
2020-09-30,89.9800033569336,91.05000305175781,16.1299991607666,22.299999237060547,32.849998474121094
2020-10-01,89.2300033569336,91.91000366210938,15.710000038146973,22.975000381469727,33.45000076293945
2020-10-02,87.33999633789062,90.11000061035156,14.880000114440918,22.012500762939453,33.525001525878906
2020-10-05,87.01000213623047,92.63999938964844,14.460000038146973,22.53499984741211,35.09000015258789
2020-10-06,89.12999725341797,92.02999877929688,15.8100004196167,22.325000762939453,35.7400016784668
2020-10-07,88.62999725341797,91.94999694824219,14.899999618530273,22.235000610351562,36.584999084472656
2020-10-08,87.19999694824219,94.2699966430664,14.9399995803833,22.967500686645508,37.59000015258789
2020-10-09,89.02999877929688,93.6500015258789,15.569999694824219,24.537500381469727,38.45000076293945
2020-10-13,95.0199966430664,94.80000305175781,15.59000015258789,26.0,39.57500076293945
2020-10-14,95.61000061035156,95.58999633789062,15.420000076293945,25.68000030517578,40.290000915527344
2020-10-15,94.54000091552734,95.33999633789062,15.399999618530273,25.510000228881836,40.3849983215332
2020-10-16,93.0,94.54000091552734,15.109999656677246,25.799999237060547,41.025001525878906
2020-10-19,90.16000366210938,95.0,15.569999694824219,25.690000534057617,41.029998779296875
2020-10-20,90.19999694824219,96.66999816894531,15.520000457763672,26.040000915527344,41.775001525878906
2020-10-21,89.1500015258789,96.6500015258789,15.069999694824219,26.219999313354492,39.20000076293945
2020-10-22,87.0999984741211,98.05999755859375,14.84000015258789,26.100000381469727,41.05500030517578
2020-10-23,86.69999694824219,97.44000244140625,15.069999694824219,25.920000076293945,40.834999084472656
2020-10-26,86.86000061035156,97.2300033569336,14.430000305175781,25.469999313354492,41.375
2020-10-27,85.6500015258789,95.68000030517578,14.170000076293945,25.450000762939453,41.619998931884766
2020-10-28,83.19999694824219,91.55999755859375,12.770000457763672,24.6299991607666,39.56999969482422
2020-10-29,82.6500015258789,92.80000305175781,12.680000305175781,25.360000610351562,40.01499938964844
2020-10-30,75.23999786376953,90.66000366210938,12.279999732971191,24.6299991607666,37.915000915527344
2020-11-03,75.9800033569336,92.26000213623047,11.880000114440918,24.989999771118164,38.65999984741211
2020-11-04,80.98999786376953,94.16000366210938,12.300000190734863,26.190000534057617,41.099998474121094
2020-11-05,84.02999877929688,96.94999694824219,13.069999694824219,27.450000762939453,42.875
2020-11-06,82.27999877929688,97.19000244140625,13.569999694824219,27.329999923706055,42.0
2020-11-09,79.69000244140625,99.5,14.989999771118164,26.450000762939453,41.064998626708984
2020-11-10,73.06999969482422,101.0,14.75,25.219999313354492,39.51499938964844
2020-11-11,74.7300033569336,100.88999938964844,14.270000457763672,25.579999923706055,40.29499816894531
2020-11-12,75.86000061035156,98.69999694824219,13.850000381469727,25.479999542236328,40.400001525878906
2020-11-13,75.2699966430664,100.83000183105469,14.460000038146973,25.100000381469727,41.435001373291016
2020-11-16,74.30000305175781,102.51000213623047,14.65999984741211,24.850000381469727,40.790000915527344
2020-11-17,76.31999969482422,103.0999984741211,16.010000228881836,24.729999542236328,40.845001220703125
2020-11-18,75.5999984741211,101.91999816894531,15.850000381469727,24.540000915527344,40.54499816894531
2020-11-19,74.62999725341797,102.7300033569336,16.399999618530273,24.639999389648438,40.46500015258789
2020-11-23,73.86000061035156,103.27999877929688,16.329999923706055,23.420000076293945,39.255001068115234
2020-11-24,74.0999984741211,105.72000122070312,16.350000381469727,23.700000762939453,38.470001220703125
2020-11-25,74.80000305175781,105.83000183105469,17.950000762939453,24.0,38.65999984741211
2020-11-26,75.75,106.0199966430664,18.260000228881836,24.25,38.849998474121094
2020-11-27,76.61000061035156,106.44000244140625,17.950000762939453,24.190000534057617,38.5
2020-11-30,70.4000015258789,105.0,18.229999542236328,23.3799991607666,36.78499984741211
2020-12-01,69.76000213623047,107.05000305175781,18.600000381469727,22.8799991607666,36.79999923706055
2020-12-02,68.5,107.75,19.34000015258789,23.049999237060547,36.6150016784668
2020-12-03,72.44000244140625,108.1500015258789,20.799999237060547,23.299999237060547,36.96500015258789
2020-12-04,78.0,109.43000030517578,20.540000915527344,23.65999984741211,35.900001525878906
2020-12-07,84.02999877929688,109.30999755859375,20.639999389648438,23.799999237060547,35.80500030517578
2020-12-08,83.75,109.44000244140625,21.0,24.950000762939453,36.349998474121094
2020-12-09,81.4000015258789,108.7699966430664,20.829999923706055,23.979999542236328,35.5
2020-12-10,81.5,110.69999694824219,21.0,23.399999618530273,35.5
2020-12-11,78.5999984741211,110.79000091552734,21.450000762939453,22.989999771118164,35.5
2020-12-14,78.11000061035156,110.19999694824219,21.860000610351562,24.049999237060547,35.275001525878906
2020-12-15,78.4800033569336,111.76000213623047,21.860000610351562,24.610000610351562,36.375
2020-12-16,81.48999786376953,113.3499984741211,21.860000610351562,24.959999084472656,36.650001525878906
2020-12-17,79.94999694824219,113.98999786376953,21.139999389648438,24.540000915527344,37.8849983215332
2020-12-18,78.66000366210938,113.5,20.59000015258789,24.520000457763672,36.435001373291016
2020-12-21,77.0999984741211,111.43000030517578,19.780000686645508,25.0,36.005001068115234
2020-12-22,75.97000122070312,112.25,18.530000686645508,25.15999984741211,36.40999984741211
2020-12-23,75.5999984741211,113.13999938964844,18.940000534057617,24.969999313354492,36.310001373291016
2020-12-28,77.04000091552734,114.69999694824219,19.68000030517578,25.25,37.75
2020-12-29,75.69999694824219,114.97000122070312,19.729999542236328,25.280000686645508,37.57500076293945
2020-12-30,75.61000061035156,115.55000305175781,20.579999923706055,24.950000762939453,37.869998931884766
2021-01-04,75.18000030517578,114.08999633789062,20.170000076293945,25.200000762939453,37.310001373291016
2021-01-05,73.5,114.69000244140625,20.229999542236328,24.760000228881836,39.599998474121094
2021-01-06,68.69999694824219,114.55000305175781,20.3799991607666,23.459999084472656,40.650001525878906
2021-01-07,67.30999755859375,118.37000274658203,19.559999465942383,23.15999984741211,42.33000183105469
2021-01-08,72.0,120.4000015258789,19.510000228881836,23.84000015258789,44.88999938964844
2021-01-11,71.30999755859375,118.62000274658203,19.079999923706055,23.489999771118164,43.51499938964844
2021-01-12,74.08999633789062,119.44999694824219,19.639999389648438,24.200000762939453,45.03499984741211
2021-01-13,75.30000305175781,117.36000061035156,19.309999465942383,24.020000457763672,45.13999938964844
2021-01-14,77.3499984741211,118.68000030517578,20.3700008392334,23.729999542236328,44.935001373291016
2021-01-15,81.30000305175781,115.77999877929688,19.850000381469727,23.959999084472656,43.08000183105469
2021-01-18,82.1500015258789,116.54000091552734,20.15999984741211,24.450000762939453,46.10499954223633
2021-01-19,80.62000274658203,116.0,19.8700008392334,24.079999923706055,44.79999923706055
2021-01-20,87.5,115.23999786376953,19.799999237060547,25.420000076293945,44.349998474121094
2021-01-21,89.79000091552734,113.80999755859375,19.260000228881836,25.489999771118164,43.82500076293945
2021-01-22,89.30999755859375,113.18000030517578,18.299999237060547,25.989999771118164,44.48500061035156
2021-01-26,85.8499984741211,112.08000183105469,17.440000534057617,25.75,44.474998474121094
2021-01-27,84.7699966430664,110.95999908447266,18.020000457763672,25.790000915527344,44.345001220703125
2021-01-28,86.19999694824219,114.51000213623047,19.239999771118164,26.190000534057617,43.98500061035156
2021-01-29,82.31999969482422,110.55999755859375,19.040000915527344,25.270000457763672,41.89500045776367
2021-02-01,83.55999755859375,113.05999755859375,19.239999771118164,24.93000030517578,42.27000045776367
2021-02-02,89.30000305175781,113.8499984741211,19.969999313354492,25.299999237060547,42.6150016784668
2021-02-03,90.38999938964844,115.25,19.520000457763672,25.649999618530273,44.334999084472656
2021-02-04,86.33999633789062,114.62000274658203,20.110000610351562,25.309999465942383,42.78499984741211
2021-02-05,84.51000213623047,115.81999969482422,19.969999313354492,25.850000381469727,42.25
2021-02-08,84.06999969482422,115.18000030517578,19.8700008392334,26.15999984741211,42.75
2021-02-09,83.0,114.91000366210938,19.670000076293945,26.239999771118164,42.505001068115234
2021-02-10,82.54000091552734,113.91999816894531,19.229999542236328,25.299999237060547,43.01499938964844
2021-02-11,85.5999984741211,114.9000015258789,18.850000381469727,25.649999618530273,43.5
2021-02-12,85.41000366210938,115.05000305175781,19.899999618530273,25.90999984741211,43.334999084472656
2021-02-17,86.37999725341797,115.86000061035156,19.5,25.5,41.974998474121094
2021-02-18,83.0,114.61000061035156,19.0,25.040000915527344,41.689998626708984
2021-02-19,88.6500015258789,113.81999969482422,18.639999389648438,24.940000534057617,41.619998931884766
2021-02-22,89.66999816894531,108.25,17.709999084472656,24.25,41.36000061035156
2021-02-23,85.9000015258789,110.76000213623047,17.93000030517578,24.860000610351562,41.83000183105469
2021-02-24,86.30000305175781,111.45999908447266,18.149999618530273,24.639999389648438,43.349998474121094
2021-02-25,85.0,107.52999877929688,17.209999084472656,24.049999237060547,40.0
2021-02-26,82.0,105.58999633789062,16.530000686645508,24.18000030517578,39.025001525878906
2021-03-01,80.7300033569336,105.94000244140625,15.960000038146973,24.549999237060547,39.0
2021-03-02,78.58999633789062,107.5,15.6899995803833,24.270000457763672,38.529998779296875
2021-03-03,76.1500015258789,107.16000366210938,14.979999542236328,25.1200008392334,38.5
2021-03-04,74.68000030517578,108.56999969482422,15.40999984741211,25.440000534057617,36.6150016784668
2021-03-05,71.48999786376953,110.93000030517578,16.299999237060547,25.1299991607666,36.52000045776367
2021-03-08,66.63999938964844,105.3499984741211,15.119999885559082,23.100000381469727,34.57500076293945
2021-03-09,63.13999938964844,107.19000244140625,14.869999885559082,23.389999389648438,35.75
2021-03-10,67.9800033569336,108.62999725341797,16.329999923706055,24.899999618530273,36.13999938964844
2021-03-11,67.41999816894531,110.44999694824219,18.1200008392334,24.799999237060547,35.959999084472656
2021-03-12,63.90999984741211,109.68000030517578,18.350000381469727,24.56999969482422,35.57500076293945
2021-03-15,65.81999969482422,110.66000366210938,18.90999984741211,23.719999313354492,36.61000061035156
2021-03-16,63.7599983215332,109.69000244140625,17.5,24.149999618530273,36.70000076293945
2021-03-17,64.55000305175781,112.05000305175781,18.100000381469727,23.940000534057617,36.595001220703125
2021-03-18,61.25,110.5,17.360000610351562,22.280000686645508,35.904998779296875
2021-03-19,62.38999938964844,111.69999694824219,18.549999237060547,22.290000915527344,35.974998474121094
2021-03-22,62.959999084472656,110.69000244140625,18.34000015258789,21.90999984741211,35.650001525878906
2021-03-23,62.560001373291016,109.0199966430664,19.360000610351562,21.510000228881836,35.80500030517578
2021-03-24,60.43000030517578,107.87000274658203,18.690000534057617,20.3700008392334,35.2599983215332
2021-03-25,60.79999923706055,109.37999725341797,19.190000534057617,20.299999237060547,35.53499984741211
2021-03-26,59.290000915527344,110.27999877929688,18.93000030517578,19.979999542236328,36.369998931884766
2021-03-29,60.2599983215332,110.95999908447266,19.020000457763672,19.649999618530273,36.04999923706055
2021-03-30,61.54999923706055,112.43000030517578,20.079999923706055,20.059999465942383,37.525001525878906
2021-03-31,60.75,112.0199966430664,19.719999313354492,20.239999771118164,37.279998779296875
2021-04-01,61.56999969482422,110.68000030517578,19.260000228881836,20.440000534057617,37.529998779296875
2021-04-05,61.70000076293945,113.20999908447266,20.299999237060547,20.420000076293945,38.45500183105469
2021-04-06,63.13999938964844,113.2699966430664,20.360000610351562,20.600000381469727,38.54999923706055
2021-04-07,61.27000045776367,113.18000030517578,20.100000381469727,20.18000030517578,38.08000183105469
2021-04-08,63.2400016784668,113.75,20.100000381469727,21.850000381469727,38.22999954223633
2021-04-09,62.63999938964844,113.01000213623047,20.309999465942383,21.670000076293945,37.755001068115234
2021-04-12,63.29999923706055,114.4000015258789,20.649999618530273,21.649999618530273,37.755001068115234
2021-04-13,68.9800033569336,114.66999816894531,20.34000015258789,22.200000762939453,37.4900016784668
2021-04-14,67.06999969482422,115.5999984741211,21.43000030517578,22.1200008392334,38.1150016784668
2021-04-15,68.19000244140625,116.19999694824219,21.3799991607666,22.200000762939453,39.150001525878906
2021-04-16,68.19999694824219,116.45999908447266,22.0,21.920000076293945,38.525001525878906
2021-04-19,67.5999984741211,116.33999633789062,22.1200008392334,21.649999618530273,37.900001525878906
2021-04-20,65.69999694824219,115.4800033569336,21.65999984741211,21.600000381469727,36.935001373291016
2021-04-22,65.0,114.94999694824219,22.059999465942383,21.149999618530273,36.439998626708984
2021-04-23,64.80000305175781,115.97000122070312,22.18000030517578,21.729999542236328,37.60499954223633
2021-04-26,64.3499984741211,115.94999694824219,23.31999969482422,21.709999084472656,37.314998626708984
2021-04-27,62.459999084472656,114.77999877929688,24.639999389648438,20.950000762939453,37.0099983215332
2021-04-28,63.45000076293945,116.4000015258789,25.09000015258789,20.649999618530273,36.5
2021-04-29,68.33000183105469,115.31999969482422,25.0,20.260000228881836,35.4900016784668
2021-04-30,67.31999969482422,114.4000015258789,23.969999313354492,20.030000686645508,35.0099983215332
2021-05-03,66.73999786376953,114.68000030517578,22.950000762939453,20.18000030517578,34.45000076293945
2021-05-04,65.8499984741211,113.2699966430664,23.040000915527344,19.75,33.70000076293945
2021-05-05,65.4000015258789,115.1500015258789,23.450000762939453,19.899999618530273,34.709999084472656
2021-05-06,63.0,115.43000030517578,23.350000381469727,19.459999084472656,33.72999954223633
2021-05-07,62.47999954223633,117.45999908447266,23.940000534057617,19.889999389648438,33.41999816894531
2021-05-10,59.75,117.13999938964844,25.149999618530273,19.200000762939453,32.310001373291016
2021-05-11,59.099998474121094,118.12999725341797,25.219999313354492,19.31999969482422,32.290000915527344
2021-05-12,58.56999969482422,115.2699966430664,24.219999313354492,18.59000015258789,31.270000457763672
2021-05-13,60.0099983215332,116.04000091552734,23.690000534057617,19.1299991607666,31.799999237060547
2021-05-14,59.310001373291016,117.23999786376953,24.719999313354492,19.149999618530273,32.099998474121094
2021-05-17,58.5,118.30999755859375,24.700000762939453,18.860000610351562,32.16999816894531
2021-05-18,57.7400016784668,118.19000244140625,24.850000381469727,18.969999313354492,32.400001525878906
2021-05-19,56.59000015258789,118.01000213623047,24.18000030517578,18.68000030517578,31.600000381469727
2021-05-20,56.79999923706055,117.91000366210938,23.81999969482422,18.739999771118164,31.860000610351562
2021-05-21,56.0,118.01000213623047,23.56999969482422,18.530000686645508,31.709999084472656
2021-05-24,58.310001373291016,119.26000213623047,23.639999389648438,20.0,32.650001525878906
2021-05-25,59.2400016784668,118.4000015258789,23.600000381469727,20.020000457763672,32.970001220703125
2021-05-26,57.9900016784668,119.23999786376953,24.309999465942383,19.670000076293945,32.79999923706055
2021-05-27,59.59000015258789,119.58999633789062,24.350000381469727,19.59000015258789,32.810001373291016
2021-05-28,59.88999938964844,120.72000122070312,24.93000030517578,20.25,34.400001525878906
2021-05-31,59.75,121.25,24.889999389648438,20.15999984741211,34.150001525878906
2021-06-01,63.65999984741211,123.33000183105469,24.719999313354492,20.350000381469727,34.189998626708984
2021-06-02,63.54999923706055,124.66999816894531,25.239999771118164,20.5,33.45000076293945
2021-06-04,64.3499984741211,125.05000305175781,27.110000610351562,20.850000381469727,34.220001220703125
2021-06-07,65.70999908447266,125.75,27.459999084472656,20.799999237060547,34.130001068115234
2021-06-08,66.37999725341797,124.70999908447266,27.979999542236328,21.049999237060547,34.02000045776367
2021-06-09,66.13999938964844,124.87999725341797,27.329999923706055,20.270000457763672,34.25
2021-06-10,68.12000274658203,125.0,26.989999771118164,20.280000686645508,33.93000030517578
2021-06-11,67.31999969482422,124.4800033569336,25.33614158630371,20.3799991607666,34.209999084472656
2021-06-14,70.75,125.1500015258789,25.778274536132812,20.59000015258789,34.880001068115234
2021-06-15,72.2699966430664,125.18000030517578,25.619998931884766,20.889999389648438,35.459999084472656
2021-06-16,71.08000183105469,124.22000122070312,26.119901657104492,20.309999465942383,34.83000183105469
2021-06-17,70.6500015258789,123.08999633789062,26.61980438232422,21.309999465942383,34.41999816894531
2021-06-18,70.5,123.2699966430664,25.850723266601562,21.06999969482422,35.189998626708984
2021-06-21,70.48999786376953,124.2300033569336,27.119705200195312,21.270000457763672,35.25
2021-06-22,69.83000183105469,123.81999969482422,27.783037185668945,20.969999313354492,34.290000915527344
2021-06-23,68.29000091552734,123.54000091552734,28.302167892456055,20.579999923706055,33.95000076293945
2021-06-24,70.37000274658203,124.52999877929688,28.206031799316406,21.649999618530273,34.33000183105469
2021-06-25,68.0999984741211,122.5,27.649999618530273,21.389999389648438,33.560001373291016
2021-06-28,69.44999694824219,122.44999694824219,28.649999618530273,21.530000686645508,34.0
2021-06-29,68.87999725341797,122.30999755859375,27.90999984741211,21.670000076293945,34.70000076293945
2021-06-30,66.26000213623047,121.80999755859375,27.719999313354492,21.149999618530273,33.689998626708984
2021-07-01,65.54000091552734,120.7300033569336,26.950000762939453,20.690000534057617,34.25
2021-07-02,66.70999908447266,122.77999877929688,27.059999465942383,21.639999389648438,35.2599983215332
2021-07-05,65.75,121.97000122070312,27.280000686645508,21.3799991607666,34.90999984741211
2021-07-06,64.37999725341797,120.30000305175781,26.290000915527344,21.06999969482422,34.54999923706055
2021-07-07,66.80000305175781,122.27999877929688,26.040000915527344,22.010000228881836,36.060001373291016
2021-07-08,65.91999816894531,120.66000366210938,25.5,21.920000076293945,34.72999954223633
2021-07-12,67.30000305175781,122.77999877929688,27.360000610351562,22.100000381469727,35.58000183105469
2021-07-13,68.55000305175781,123.31999969482422,27.34000015258789,22.489999771118164,35.18000030517578
2021-07-14,66.55000305175781,123.47000122070312,27.149999618530273,22.93000030517578,35.0099983215332
2021-07-15,65.29000091552734,122.80000305175781,26.190000534057617,23.719999313354492,34.91999816894531
2021-07-16,68.0,121.1500015258789,25.670000076293945,23.899999618530273,34.290000915527344
2021-07-19,61.91999816894531,119.73999786376953,24.790000915527344,23.1200008392334,34.18000030517578
2021-07-20,61.33000183105469,120.5999984741211,24.809999465942383,23.3700008392334,34.54999923706055
2021-07-21,57.849998474121094,121.12000274658203,24.889999389648438,23.360000610351562,34.45000076293945
2021-07-22,57.5,121.43000030517578,24.889999389648438,23.25,35.099998474121094
2021-07-23,55.97999954223633,120.19999694824219,24.239999771118164,22.600000381469727,34.79999923706055
2021-07-26,53.08000183105469,121.19999694824219,24.18000030517578,22.040000915527344,34.650001525878906
2021-07-27,51.869998931884766,119.76000213623047,22.920000076293945,21.450000762939453,34.38999938964844
2021-07-28,53.0,121.44999694824219,23.440000534057617,21.530000686645508,37.20000076293945
2021-07-29,51.88999938964844,120.7300033569336,22.989999771118164,21.719999313354492,36.130001068115234
2021-07-30,49.099998474121094,117.11000061035156,22.299999237060547,20.600000381469727,35.709999084472656
2021-08-02,51.27000045776367,117.5999984741211,21.850000381469727,20.6299991607666,36.650001525878906
2021-08-03,49.0,118.7300033569336,21.59000015258789,20.43000030517578,36.41999816894531
2021-08-04,47.790000915527344,116.95999908447266,20.940000534057617,19.959999084472656,36.06999969482422
2021-08-05,47.650001525878906,116.93000030517578,20.469999313354492,20.459999084472656,35.86000061035156
2021-08-06,46.5,118.23999786376953,20.56999969482422,20.68000030517578,36.2400016784668
2021-08-09,46.27000045776367,118.13999938964844,20.219999313354492,20.489999771118164,36.15999984741211
2021-08-10,45.150001525878906,117.56999969482422,19.81999969482422,20.399999618530273,36.09000015258789
2021-08-11,45.70000076293945,117.26000213623047,19.530000686645508,20.90999984741211,36.150001525878906
2021-08-12,46.83000183105469,115.87000274658203,19.350000381469727,20.969999313354492,35.5099983215332
2021-08-13,43.13999938964844,116.55999755859375,18.809999465942383,20.270000457763672,35.77000045776367
2021-08-16,41.02000045776367,114.62999725341797,17.200000762939453,19.420000076293945,34.40999984741211
2021-08-17,40.220001220703125,113.3499984741211,17.170000076293945,19.309999465942383,34.689998626708984
2021-08-18,39.93000030517578,112.05999755859375,17.700000762939453,18.84000015258789,33.58000183105469
2021-08-19,40.81999969482422,112.8499984741211,19.100000381469727,18.950000762939453,35.189998626708984
2021-08-20,40.939998626708984,113.6500015258789,19.829999923706055,18.860000610351562,35.97999954223633
2021-08-23,39.20000076293945,113.05000305175781,20.700000762939453,18.1299991607666,35.75
2021-08-24,43.0,115.62999725341797,22.020000457763672,19.239999771118164,35.65999984741211
2021-08-25,42.41999816894531,116.13999938964844,22.899999618530273,19.549999237060547,36.380001068115234
2021-08-26,43.22999954223633,114.06999969482422,22.190000534057617,18.799999237060547,36.77000045776367
2021-08-27,42.060001373291016,116.18000030517578,21.899999618530273,19.030000686645508,36.900001525878906
2021-08-30,43.189998626708984,115.08000183105469,22.06999969482422,18.8799991607666,36.68000030517578
2021-08-31,41.36000061035156,114.08000183105469,21.290000915527344,18.239999771118164,35.560001373291016
2021-09-01,43.060001373291016,114.80000305175781,21.020000457763672,18.68000030517578,36.290000915527344
2021-09-02,41.31999969482422,112.1500015258789,20.350000381469727,18.010000228881836,35.7400016784668
2021-09-03,41.880001068115234,112.08999633789062,20.049999237060547,18.899999618530273,36.25
2021-09-06,44.150001525878906,113.4800033569336,20.850000381469727,19.479999542236328,36.380001068115234
2021-09-08,40.11000061035156,109.08000183105469,19.56999969482422,18.790000915527344,36.4900016784668
2021-09-09,40.849998474121094,111.51000213623047,20.209999084472656,18.850000381469727,38.84000015258789
2021-09-10,39.5,109.87999725341797,20.31999969482422,17.18000030517578,38.65999984741211
2021-09-13,41.400001525878906,112.12000274658203,22.209999084472656,17.440000534057617,38.900001525878906
2021-09-14,41.22999954223633,111.69999694824219,21.559999465942383,17.030000686645508,39.380001068115234
2021-09-15,39.58000183105469,110.68000030517578,21.829999923706055,16.6200008392334,39.84000015258789
2021-09-16,37.7599983215332,109.44000244140625,21.350000381469727,16.3700008392334,39.900001525878906
2021-09-17,36.7599983215332,107.13999938964844,20.420000076293945,16.56999969482422,39.189998626708984
2021-09-20,35.459999084472656,104.7699966430664,20.600000381469727,16.049999237060547,38.88999938964844
2021-09-21,36.810001373291016,105.7699966430664,21.940000534057617,16.389999389648438,39.75
2021-09-22,36.459999084472656,107.98999786376953,21.989999771118164,16.34000015258789,40.56999969482422
2021-09-23,35.5,109.5999984741211,23.510000228881836,15.869999885559082,41.16999816894531
2021-09-24,34.2400016784668,109.02999877929688,23.690000534057617,15.630000114440918,41.34000015258789
2021-09-27,33.400001525878906,108.88999938964844,23.75,15.010000228881836,40.86000061035156
2021-09-28,31.329999923706055,105.83000183105469,22.56999969482422,14.180000305175781,40.66999816894531
2021-09-29,31.190000534057617,106.83000183105469,22.399999618530273,13.9399995803833,39.869998931884766
2021-09-30,30.920000076293945,106.48999786376953,21.520000457763672,14.34000015258789,39.630001068115234
2021-10-01,32.029998779296875,108.48999786376953,23.139999389648438,14.550000190734863,40.16999816894531
2021-10-04,29.3700008392334,106.18000030517578,21.510000228881836,13.710000038146973,38.779998779296875
2021-10-05,30.489999771118164,106.12000274658203,20.239999771118164,13.680000305175781,37.529998779296875
2021-10-06,32.720001220703125,106.37000274658203,20.799999237060547,14.460000038146973,37.5099983215332
2021-10-07,31.889999389648438,106.41999816894531,19.81999969482422,14.029999732971191,37.560001373291016
2021-10-08,33.7400016784668,108.38999938964844,20.299999237060547,14.970000267028809,38.650001525878906
2021-10-11,33.790000915527344,107.75,19.540000915527344,14.380000114440918,38.619998931884766
2021-10-13,34.83000183105469,109.23999786376953,20.1299991607666,14.5,40.58000183105469
2021-10-14,34.29999923706055,108.97000122070312,19.959999084472656,14.170000076293945,40.599998474121094
2021-10-15,37.45000076293945,110.22000122070312,20.270000457763672,14.5600004196167,40.119998931884766
2021-10-18,39.06999969482422,109.94999694824219,19.969999313354492,14.279999732971191,40.36000061035156
2021-10-19,39.029998779296875,106.80000305175781,18.860000610351562,13.729999542236328,39.349998474121094
2021-10-20,39.779998779296875,106.4000015258789,18.59000015258789,13.270000457763672,40.119998931884766
2021-10-21,35.41999816894531,103.6500015258789,17.649999618530273,12.40999984741211,39.349998474121094
2021-10-22,33.720001220703125,102.33000183105469,17.100000381469727,12.420000076293945,38.88999938964844
2021-10-25,34.310001373291016,104.55000305175781,18.149999618530273,12.34000015258789,39.54999923706055
2021-10-26,32.400001525878906,102.25,16.90999984741211,11.979999542236328,39.65999984741211
2021-10-27,32.90999984741211,102.4000015258789,16.59000015258789,11.600000381469727,39.20000076293945
2021-10-28,30.079999923706055,100.61000061035156,16.530000686645508,11.149999618530273,37.83000183105469
2021-10-29,29.700000762939453,99.68000030517578,15.970000267028809,10.8100004196167,37.0
2021-11-01,31.219999313354492,101.5199966430664,16.809999465942383,11.300000190734863,36.959999084472656
2021-11-03,33.27000045776367,102.0,16.700000762939453,11.550000190734863,37.68000030517578
2021-11-04,32.790000915527344,99.6500015258789,16.09000015258789,11.079999923706055,37.720001220703125
2021-11-05,34.95000076293945,100.80999755859375,16.950000762939453,12.4399995803833,37.68000030517578
2021-11-08,32.68000030517578,100.83000183105469,16.719999313354492,11.930000305175781,37.099998474121094
2021-11-09,35.18000030517578,101.38999938964844,17.100000381469727,13.130000114440918,36.790000915527344
2021-11-10,34.41999816894531,102.0199966430664,17.440000534057617,13.020000457763672,36.279998779296875
2021-11-11,35.34000015258789,103.55000305175781,18.299999237060547,13.649999618530273,36.5
2021-11-12,37.400001525878906,102.12999725341797,16.59000015258789,11.149999618530273,35.650001525878906
2021-11-16,34.119998931884766,100.36000061035156,15.5,9.739999771118164,35.380001068115234
2021-11-17,33.2400016784668,99.25,15.180000305175781,9.270000457763672,35.77000045776367
2021-11-18,33.380001068115234,98.6500015258789,15.109999656677246,8.989999771118164,35.91999816894531
2021-11-19,33.56999969482422,99.2699966430664,15.279999732971191,9.270000457763672,35.790000915527344
2021-11-22,31.360000610351562,98.23999786376953,14.829999923706055,8.84000015258789,34.66999816894531
2021-11-23,31.290000915527344,100.0,15.390000343322754,8.600000381469727,34.15999984741211
2021-11-24,31.979999542236328,100.66000366210938,15.729999542236328,8.819999694824219,33.529998779296875
2021-11-25,32.47999954223633,101.98999786376953,16.809999465942383,8.699999809265137,33.79999923706055
2021-11-26,30.459999084472656,98.38999938964844,14.949999809265137,8.0600004196167,32.689998626708984
2021-11-29,31.450000762939453,99.01000213623047,14.550000190734863,8.039999961853027,32.40999984741211
2021-11-30,30.31999969482422,98.3499984741211,13.619999885559082,7.800000190734863,32.22999954223633
2021-12-01,28.290000915527344,97.08999633789062,13.329999923706055,6.880000114440918,32.4900016784668
2021-12-02,27.440000534057617,100.43000030517578,13.220000267028809,6.760000228881836,32.720001220703125
2021-12-03,27.809999465942383,101.31999969482422,14.149999618530273,7.050000190734863,32.779998779296875
2021-12-06,29.829999923706055,103.0,14.979999542236328,7.300000190734863,33.0099983215332
2021-12-07,29.799999237060547,103.62999725341797,14.6899995803833,7.619999885559082,34.560001373291016
2021-12-08,30.59000015258789,104.19999694824219,16.100000381469727,6.809999942779541,36.040000915527344
2021-12-09,27.969999313354492,102.13999938964844,16.030000686645508,6.28000020980835,36.5
2021-12-10,28.5,103.7300033569336,16.1200008392334,6.369999885559082,35.79999923706055
2021-12-13,27.219999313354492,103.5,15.609999656677246,6.050000190734863,35.599998474121094
2021-12-14,26.670000076293945,102.69999694824219,15.520000457763672,5.739999771118164,35.290000915527344
2021-12-15,28.65999984741211,103.19999694824219,15.649999618530273,6.170000076293945,35.61000061035156
2021-12-16,31.219999313354492,104.41000366210938,15.300000190734863,6.400000095367432,35.599998474121094
2021-12-17,31.31999969482422,103.0999984741211,15.1899995803833,6.659999847412109,34.849998474121094
2021-12-20,31.09000015258789,101.0,13.859999656677246,6.329999923706055,34.0099983215332
2021-12-21,30.799999237060547,101.41999816894531,14.15999984741211,6.420000076293945,33.91999816894531
2021-12-22,30.6200008392334,101.43000030517578,14.149999618530273,6.159999847412109,33.66999816894531
2021-12-23,30.729999542236328,100.8499984741211,13.779999732971191,6.199999809265137,33.470001220703125
2021-12-27,31.899999618530273,101.5999984741211,13.75,6.78000020980835,33.16999816894531
2021-12-28,31.030000686645508,101.05999755859375,14.180000305175781,6.829999923706055,33.290000915527344
2021-12-29,31.020000457763672,100.25,13.140000343322754,6.760000228881836,32.7400016784668
2021-12-30,31.579999923706055,100.80000305175781,13.420000076293945,7.21999979019165,32.97999954223633
2022-01-03,31.020000457763672,99.93000030517578,12.869999885559082,6.71999979019165,32.02000045776367
2022-01-04,29.959999084472656,99.56999969482422,12.029999732971191,6.610000133514404,31.860000610351562
2022-01-05,28.6200008392334,97.0999984741211,11.1899995803833,6.420000076293945,30.18000030517578
2022-01-06,29.260000228881836,97.8499984741211,11.3100004196167,6.25,30.170000076293945
2022-01-07,27.700000762939453,98.69999694824219,11.529999732971191,6.21999979019165,29.40999984741211
2022-01-10,27.139999389648438,98.43000030517578,11.59000015258789,5.739999771118164,28.559999465942383
2022-01-11,28.049999237060547,100.0999984741211,11.630000114440918,5.869999885559082,29.040000915527344
2022-01-12,29.479999542236328,101.91000366210938,11.930000305175781,6.309999942779541,30.219999313354492
2022-01-13,29.59000015258789,101.55000305175781,11.949999809265137,6.090000152587891,29.100000381469727
2022-01-14,30.309999465942383,103.06999969482422,11.710000038146973,6.329999923706055,30.700000762939453
2022-01-17,30.469999313354492,102.58000183105469,11.579999923706055,6.119999885559082,30.350000381469727
2022-01-18,30.209999084472656,102.8499984741211,11.09000015258789,5.889999866485596,30.540000915527344
2022-01-19,33.0181999206543,104.05000305175781,11.5600004196167,6.309999942779541,30.5
2022-01-20,33.992835998535156,104.9000015258789,12.770000457763672,6.650000095367432,30.739999771118164
2022-01-21,34.778507232666016,104.69999694824219,12.760000228881836,6.900000095367432,30.610000610351562
2022-01-24,34.082340240478516,104.08000183105469,12.699999809265137,6.389999866485596,29.899999618530273
2022-01-25,35.1067008972168,106.33000183105469,12.920000076293945,6.71999979019165,30.200000762939453
2022-01-26,33.95305252075195,107.38999938964844,13.550000190734863,6.75,30.739999771118164
2022-01-27,33.28672409057617,108.19999694824219,13.829999923706055,7.21999979019165,32.400001525878906
2022-01-28,31.23800277709961,107.58000183105469,13.649999618530273,6.710000038146973,31.6200008392334
2022-01-31,31.536359786987305,107.9800033569336,14.460000038146973,7.0,32.15999984741211
2022-02-01,31.09000015258789,109.1500015258789,14.279999732971191,7.010000228881836,32.060001373291016
2022-02-02,31.209999084472656,107.69000244140625,13.430000305175781,6.510000228881836,31.770000457763672
2022-02-03,32.0,107.7699966430664,13.710000038146973,6.53000020980835,30.950000762939453
2022-02-04,32.150001525878906,108.0199966430664,13.010000228881836,6.329999923706055,30.850000381469727
2022-02-07,32.20000076293945,107.72000122070312,12.8100004196167,6.309999942779541,31.0
2022-02-08,33.27000045776367,108.2300033569336,13.0600004196167,6.539999961853027,30.219999313354492
2022-02-09,34.029998779296875,108.2300033569336,13.520000457763672,6.599999904632568,30.290000915527344
2022-02-10,33.95000076293945,109.0999984741211,13.850000381469727,6.940000057220459,29.739999771118164
2022-02-11,32.540000915527344,109.30999755859375,13.199999809265137,6.349999904632568,29.530000686645508
2022-02-14,33.720001220703125,109.5199966430664,13.350000381469727,6.480000019073486,30.440000534057617
2022-02-15,35.86000061035156,110.5999984741211,14.270000457763672,6.840000152587891,32.880001068115234
2022-02-16,35.439998626708984,110.7699966430664,15.119999885559082,6.820000171661377,31.299999237060547
2022-02-17,34.279998779296875,109.0999984741211,14.680000305175781,6.630000114440918,30.649999618530273
2022-02-18,33.720001220703125,108.51000213623047,14.079999923706055,6.360000133514404,29.809999465942383
2022-02-21,31.489999771118164,107.44999694824219,13.289999961853027,6.019999980926514,29.520000457763672
2022-02-22,29.790000915527344,109.0,13.9399995803833,6.070000171661377,29.530000686645508
2022-02-23,29.690000534057617,107.58000183105469,13.0600004196167,5.909999847412109,28.600000381469727
2022-02-24,30.200000762939453,107.4800033569336,12.600000381469727,6.119999885559082,29.31999969482422
2022-02-25,30.5,108.9000015258789,12.550000190734863,6.010000228881836,29.399999618530273
2022-03-02,32.45000076293945,111.0999984741211,12.220000267028809,6.309999942779541,30.25
2022-03-03,31.100000381469727,111.0199966430664,11.850000381469727,6.309999942779541,31.25
2022-03-04,30.09000015258789,110.4000015258789,11.0600004196167,6.289999961853027,31.510000228881836
2022-03-07,27.010000228881836,107.11000061035156,9.899999618530273,5.849999904632568,31.079999923706055
2022-03-08,26.93000030517578,107.29000091552734,9.899999618530273,6.050000190734863,31.56999969482422
2022-03-09,27.510000228881836,109.77999877929688,11.579999923706055,6.230000019073486,32.66999816894531
2022-03-10,26.700000762939453,109.4000015258789,11.130000114440918,5.960000038146973,31.719999313354492
2022-03-11,24.8799991607666,107.69999694824219,10.550000190734863,5.690000057220459,31.389999389648438
2022-03-14,23.850000381469727,106.04000091552734,10.050000190734863,5.329999923706055,31.020000457763672
2022-03-15,23.25,104.9000015258789,10.09000015258789,4.869999885559082,30.200000762939453
2022-03-16,24.40999984741211,107.13999938964844,11.819999694824219,5.130000114440918,31.979999542236328
2022-03-17,24.6299991607666,108.69999694824219,12.25,5.539999961853027,33.099998474121094
2022-03-18,26.959999084472656,110.7300033569336,13.449999809265137,5.820000171661377,33.290000915527344
2022-03-21,26.549999237060547,111.94000244140625,13.600000381469727,5.71999979019165,32.54999923706055
2022-03-22,28.31999969482422,113.0999984741211,13.930000305175781,5.809999942779541,33.0
2022-03-23,28.670000076293945,112.9000015258789,14.5600004196167,6.0,32.75
2022-03-24,30.399999618530273,114.73999786376953,15.420000076293945,6.599999904632568,33.130001068115234
2022-03-25,32.279998779296875,114.75,15.989999771118164,6.539999961853027,32.880001068115234
2022-03-28,31.959999084472656,114.51000213623047,16.040000915527344,6.46999979019165,33.599998474121094
2022-03-29,34.650001525878906,115.75,16.639999389648438,7.0,33.95000076293945
2022-03-30,34.54999923706055,115.9000015258789,16.280000686645508,6.869999885559082,34.150001525878906
2022-03-31,32.650001525878906,115.5999984741211,16.690000534057617,6.820000171661377,34.869998931884766
2022-04-01,34.0,117.19999694824219,16.850000381469727,7.349999904632568,35.380001068115234
2022-04-04,33.400001525878906,116.80000305175781,17.049999237060547,7.190000057220459,35.02000045776367
2022-04-05,31.309999465942383,114.51000213623047,17.280000686645508,6.909999847412109,34.630001068115234
2022-04-06,30.25,113.87000274658203,15.729999542236328,6.619999885559082,34.33000183105469
2022-04-07,30.969999313354492,114.6500015258789,15.789999961853027,6.559999942779541,34.119998931884766
2022-04-08,28.579999923706055,113.9800033569336,15.0,6.130000114440918,34.13999938964844
2022-04-11,28.100000381469727,112.56999969482422,14.779999732971191,6.079999923706055,32.54999923706055
2022-04-12,28.700000762939453,111.7699966430664,14.949999809265137,5.96999979019165,32.369998931884766
2022-04-13,29.239999771118164,112.5199966430664,14.529999732971191,6.03000020980835,32.560001373291016
2022-04-14,28.149999618530273,111.6500015258789,14.359999656677246,6.010000228881836,32.290000915527344
2022-04-18,28.360000610351562,111.45999908447266,14.329999923706055,5.889999866485596,31.90999984741211
2022-04-19,28.010000228881836,110.91999816894531,14.489999771118164,5.940000057220459,31.3700008392334
2022-04-20,27.239999771118164,110.05000305175781,14.420000076293945,5.610000133514404,31.420000076293945
2022-04-22,26.670000076293945,106.75,13.739999771118164,5.550000190734863,31.309999465942383
2022-04-25,26.389999389648438,106.76000213623047,13.960000038146973,5.440000057220459,31.209999084472656
2022-04-26,25.040000915527344,104.27999877929688,13.100000381469727,5.179999828338623,29.979999542236328
2022-04-27,25.020000457763672,105.5199966430664,13.40999984741211,5.099999904632568,31.6299991607666
2022-04-28,25.209999084472656,105.86000061035156,13.329999923706055,5.179999828338623,31.1299991607666
2022-04-29,24.0,103.4000015258789,13.260000228881836,4.880000114440918,30.100000381469727
2022-05-02,24.010000228881836,102.72000122070312,12.84000015258789,4.800000190734863,28.940000534057617
2022-05-03,23.329999923706055,102.72000122070312,12.470000267028809,4.599999904632568,28.40999984741211
2022-05-04,25.09000015258789,104.37999725341797,13.0,4.949999809265137,28.940000534057617
2022-05-05,23.290000915527344,101.5,12.239999771118164,4.420000076293945,28.15999984741211
2022-05-06,22.3799991607666,101.2300033569336,12.0,4.300000190734863,27.149999618530273
2022-05-09,20.860000610351562,99.68000030517578,11.25,3.9100000858306885,26.65999984741211
2022-05-10,21.43000030517578,99.23999786376953,11.890000343322754,3.950000047683716,26.1200008392334
2022-05-11,21.600000381469727,100.63999938964844,11.239999771118164,3.930000066757202,26.100000381469727
2022-05-12,22.670000076293945,102.04000091552734,11.899999618530273,4.179999828338623,26.40999984741211
2022-05-13,23.049999237060547,103.29000091552734,13.0600004196167,4.380000114440918,26.5
2022-05-16,23.65999984741211,104.4000015258789,13.0600004196167,4.380000114440918,26.200000762939453
2022-05-17,23.020000457763672,104.9000015258789,13.050000190734863,3.940000057220459,26.90999984741211
2022-05-18,22.950000762939453,102.20999908447266,12.59000015258789,3.7200000286102295,26.43000030517578
2022-05-19,23.09000015258789,103.08000183105469,12.600000381469727,3.7300000190734863,25.530000686645508
2022-05-20,23.469999313354492,104.66000366210938,12.4399995803833,3.6700000762939453,25.989999771118164
2022-05-23,24.06999969482422,106.76000213623047,12.0600004196167,3.700000047683716,26.56999969482422
2022-05-24,22.8799991607666,106.63999938964844,11.300000190734863,3.7100000381469727,26.079999923706055
2022-05-25,21.889999389648438,106.66000366210938,10.819999694824219,3.7100000381469727,25.309999465942383
2022-05-26,21.5,108.0199966430664,11.550000190734863,4.070000171661377,25.709999084472656
2022-05-27,21.489999771118164,107.9000015258789,11.3100004196167,4.0,26.219999313354492
2022-05-30,20.700000762939453,106.91999816894531,11.020000457763672,3.8399999141693115,25.540000915527344
2022-05-31,20.100000381469727,107.18000030517578,10.920000076293945,3.7200000286102295,25.3700008392334
2022-06-01,19.34000015258789,107.47000122070312,10.800000190734863,3.7100000381469727,26.209999084472656
2022-06-02,19.540000915527344,108.43000030517578,10.779999732971191,3.799999952316284,26.329999923706055
2022-06-03,18.399999618530273,107.4800033569336,10.550000190734863,3.5899999141693115,25.920000076293945
2022-06-06,17.5,106.41999816894531,10.270000457763672,3.4000000953674316,25.979999542236328
2022-06-07,17.079999923706055,106.1500015258789,10.270000457763672,3.2899999618530273,25.950000762939453
2022-06-08,16.690000534057617,104.5999984741211,10.069999694824219,3.2200000286102295,24.40999984741211
2022-06-09,17.030000686645508,103.68000030517578,9.829999923706055,3.009999990463257,24.520000457763672
2022-06-10,15.220000267028809,101.81999969482422,9.300000190734863,2.9000000953674316,24.0
2022-06-13,13.890000343322754,99.12000274658203,8.210000038146973,2.6700000762939453,23.81999969482422
2022-06-14,13.300000190734863,98.36000061035156,7.659999847412109,2.5399999618530273,24.25
2022-06-15,13.920000076293945,99.37999725341797,8.670000076293945,2.549999952316284,24.0
2022-06-17,13.529999732971191,96.20999908447266,9.640000343322754,2.380000114440918,22.829999923706055
2022-06-20,13.319999694824219,96.29000091552734,9.460000038146973,2.5799999237060547,24.100000381469727
2022-06-21,13.369999885559082,96.4000015258789,9.399999618530273,2.509999990463257,25.299999237060547
2022-06-22,13.34000015258789,96.02999877929688,9.0600004196167,2.440000057220459,25.790000915527344
2022-06-23,13.930000305175781,94.66000366210938,8.880000114440918,2.549999952316284,25.90999984741211
2022-06-24,13.729999542236328,95.47000122070312,8.510000228881836,2.4700000286102295,26.459999084472656
2022-06-27,14.029999732971191,97.3499984741211,8.109999656677246,2.430000066757202,25.93000030517578
2022-06-28,13.420000076293945,97.05000305175781,7.699999809265137,2.380000114440918,26.149999618530273
2022-06-29,13.4399995803833,96.0,7.210000038146973,2.4100000858306885,26.030000686645508
2022-06-30,13.430000305175781,95.0,6.980000019073486,2.3399999141693115,26.450000762939453
2022-07-01,12.729999542236328,95.62999725341797,6.989999771118164,2.200000047683716,26.5
2022-07-04,12.539999961853027,95.19999694824219,6.800000190734863,2.130000114440918,26.489999771118164
2022-07-05,13.760000228881836,94.80000305175781,6.789999961853027,2.380000114440918,27.020000457763672
2022-07-06,15.380000114440918,95.41999816894531,6.78000020980835,2.5,27.100000381469727
2022-07-07,15.5,97.37999725341797,7.480000019073486,2.559999942779541,27.610000610351562
2022-07-08,15.800000190734863,96.87999725341797,7.159999847412109,2.619999885559082,27.270000457763672
2022-07-11,15.609999656677246,94.80000305175781,6.820000171661377,2.630000114440918,26.579999923706055
2022-07-12,16.899999618530273,94.9000015258789,6.920000076293945,2.930000066757202,26.59000015258789
2022-07-13,16.65999984741211,94.51000213623047,6.820000171661377,2.8299999237060547,26.729999542236328
2022-07-14,16.68000030517578,92.55000305175781,6.820000171661377,2.9100000858306885,26.399999618530273
2022-07-15,16.31999969482422,93.2699966430664,6.510000228881836,2.7799999713897705,26.549999237060547
2022-07-18,15.739999771118164,93.37000274658203,6.440000057220459,2.7699999809265137,26.1200008392334
2022-07-19,16.190000534057617,94.69999694824219,6.550000190734863,2.7899999618530273,26.959999084472656
2022-07-20,16.920000076293945,94.94999694824219,7.019999980926514,3.069999933242798,25.989999771118164
2022-07-21,16.93000030517578,95.3499984741211,7.010000228881836,3.009999990463257,25.329999923706055
2022-07-22,15.930000305175781,95.41999816894531,6.760000228881836,2.859999895095825,25.84000015258789
2022-07-25,15.569999694824219,96.75,6.570000171661377,2.7899999618530273,26.479999542236328
2022-07-26,14.8100004196167,96.1500015258789,6.400000095367432,2.609999895095825,26.200000762939453
2022-07-27,15.460000038146973,97.83000183105469,6.820000171661377,2.700000047683716,26.8700008392334
2022-07-28,15.09000015258789,99.0999984741211,7.059999942779541,2.7200000286102295,27.93000030517578
2022-07-29,14.0,99.30000305175781,6.96999979019165,2.5799999237060547,28.040000915527344
2022-08-01,13.890000343322754,98.55999755859375,6.920000076293945,2.7200000286102295,27.8799991607666
2022-08-02,13.760000228881836,99.52999877929688,6.800000190734863,2.7100000381469727,28.3799991607666
2022-08-03,14.739999771118164,100.19999694824219,7.289999961853027,2.930000066757202,28.1200008392334
2022-08-04,15.079999923706055,102.4800033569336,7.960000038146973,3.3399999141693115,28.809999465942383
2022-08-05,13.899999618530273,102.73999786376953,7.75,3.1600000858306885,28.829999923706055
2022-08-08,14.239999771118164,104.80000305175781,7.940000057220459,3.2699999809265137,29.729999542236328
2022-08-09,13.619999885559082,105.05000305175781,7.070000171661377,3.0799999237060547,29.579999923706055
2022-08-10,14.65999984741211,106.55999755859375,7.03000020980835,3.2899999618530273,30.68000030517578
2022-08-11,13.279999732971191,105.87999725341797,6.940000057220459,3.0399999618530273,30.1299991607666
2022-08-12,12.960000038146973,108.63999938964844,7.150000095367432,3.5799999237060547,30.899999618530273
2022-08-15,15.329999923706055,108.97000122070312,7.829999923706055,4.039999961853027,30.34000015258789
2022-08-16,15.170000076293945,109.76000213623047,7.800000190734863,4.150000095367432,30.59000015258789
2022-08-17,14.239999771118164,109.98999786376953,7.809999942779541,4.019999980926514,30.43000030517578
2022-08-18,13.630000114440918,109.94000244140625,7.510000228881836,4.03000020980835,30.84000015258789
2022-08-19,13.029999732971191,107.52999877929688,7.090000152587891,3.7799999713897705,29.850000381469727
2022-08-22,15.960000038146973,106.7300033569336,6.960000038146973,3.819999933242798,28.950000762939453
2022-08-23,18.5,109.0999984741211,7.179999828338623,4.150000095367432,28.799999237060547
2022-08-24,18.43000030517578,109.18000030517578,7.989999771118164,4.5,28.790000915527344
2022-08-25,18.790000915527344,109.5999984741211,8.220000267028809,4.679999828338623,28.950000762939453
2022-08-26,18.100000381469727,108.36000061035156,8.010000228881836,4.579999923706055,28.809999465942383
2022-08-29,17.510000228881836,108.4000015258789,8.220000267028809,4.519999980926514,28.3700008392334
2022-08-30,17.040000915527344,106.4000015258789,7.550000190734863,4.510000228881836,28.389999389648438
2022-08-31,16.34000015258789,105.83000183105469,7.630000114440918,4.269999980926514,28.290000915527344
2022-09-01,16.18000030517578,106.58999633789062,7.800000190734863,4.369999885559082,28.3799991607666
2022-09-02,15.510000228881836,107.08999633789062,7.710000038146973,4.260000228881836,30.209999084472656
2022-09-05,15.449999809265137,108.44999694824219,7.71999979019165,4.320000171661377,30.899999618530273
2022-09-06,14.640000343322754,105.94999694824219,7.170000076293945,4.0,30.290000915527344
2022-09-08,15.149999618530273,106.18000030517578,7.349999904632568,4.289999961853027,30.209999084472656
2022-09-09,16.559999465942383,108.4000015258789,7.889999866485596,4.380000114440918,30.450000762939453
2022-09-12,17.290000915527344,109.55000305175781,8.100000381469727,4.789999961853027,31.799999237060547
2022-09-13,17.059999465942383,106.9800033569336,7.900000095367432,4.699999809265137,30.610000610351562
2022-09-14,16.739999771118164,106.75,7.650000095367432,4.46999979019165,30.6200008392334
2022-09-15,16.1200008392334,106.11000061035156,7.360000133514404,4.340000152587891,30.010000228881836
2022-09-16,16.510000228881836,105.5999984741211,7.210000038146973,4.460000038146973,30.479999542236328
2022-09-19,17.420000076293945,108.22000122070312,7.400000095367432,4.559999942779541,30.600000381469727
2022-09-20,17.389999389648438,108.8499984741211,7.110000133514404,4.460000038146973,31.1299991607666
2022-09-21,17.510000228881836,108.16000366210938,7.179999828338623,4.75,31.18000030517578
2022-09-22,17.239999771118164,110.12999725341797,6.980000019073486,4.599999904632568,31.010000228881836
2022-09-23,17.530000686645508,107.83999633789062,6.760000228881836,4.630000114440918,30.56999969482422
2022-09-26,17.479999542236328,105.12999725341797,6.400000095367432,4.480000019073486,30.56999969482422
2022-09-27,16.989999771118164,104.68000030517578,6.400000095367432,4.179999828338623,30.049999237060547
2022-09-28,17.139999389648438,104.81999969482422,6.480000019073486,4.329999923706055,30.31999969482422
2022-09-29,15.869999885559082,103.80000305175781,6.090000152587891,4.050000190734863,30.139999389648438
2022-09-30,16.979999542236328,106.45999908447266,6.309999942779541,4.480000019073486,32.13999938964844
2022-10-03,18.229999542236328,112.4000015258789,6.75,4.909999847412109,33.58000183105469
2022-10-04,19.329999923706055,112.3499984741211,6.880000114440918,5.090000152587891,33.2400016784668
2022-10-05,19.8700008392334,113.31999969482422,7.0,5.119999885559082,33.66999816894531
2022-10-06,20.81999969482422,113.47000122070312,7.139999866485596,5.369999885559082,33.72999954223633
2022-10-07,21.100000381469727,112.77999877929688,6.980000019073486,5.309999942779541,33.349998474121094
2022-10-10,20.68000030517578,112.08000183105469,6.909999847412109,5.320000171661377,34.27000045776367
2022-10-11,20.559999465942383,110.88999938964844,6.53000020980835,5.170000076293945,33.900001525878906
2022-10-13,19.049999237060547,110.26000213623047,6.659999847412109,4.920000076293945,33.470001220703125
2022-10-14,17.440000534057617,108.22000122070312,6.320000171661377,4.369999885559082,32.86000061035156
2022-10-17,17.649999618530273,109.9000015258789,6.900000095367432,4.369999885559082,33.61000061035156
2022-10-18,17.610000610351562,111.94000244140625,7.079999923706055,4.320000171661377,34.560001373291016
2022-10-19,16.40999984741211,112.3499984741211,6.96999979019165,4.190000057220459,34.650001525878906
2022-10-20,14.270000457763672,112.9000015258789,6.75,4.090000152587891,34.65999984741211
2022-10-21,14.529999732971191,116.43000030517578,6.789999961853027,4.150000095367432,35.20000076293945
2022-10-24,14.640000343322754,112.13999938964844,6.869999885559082,4.079999923706055,34.91999816894531
2022-10-25,14.670000076293945,110.4800033569336,6.690000057220459,4.289999961853027,35.04999923706055
2022-10-26,13.8100004196167,108.77999877929688,6.179999828338623,3.9100000858306885,37.97999954223633
2022-10-27,14.460000038146973,110.0,6.380000114440918,4.21999979019165,38.83000183105469
2022-10-28,15.15999984741211,113.0,6.539999961853027,4.380000114440918,38.470001220703125
2022-10-31,15.539999961853027,112.1500015258789,7.170000076293945,4.46999979019165,40.279998779296875
2022-11-01,15.899999618530273,112.80999755859375,7.409999847412109,4.559999942779541,39.40999984741211
2022-11-03,16.520000457763672,113.0999984741211,7.440000057220459,4.869999885559082,40.20000076293945
2022-11-04,16.670000076293945,114.0,7.230000019073486,4.829999923706055,40.79999923706055
2022-11-07,15.170000076293945,111.22000122070312,6.699999809265137,4.539999961853027,40.900001525878906
2022-11-08,15.170000076293945,112.30000305175781,6.650000095367432,4.630000114440918,40.79999923706055
2022-11-09,13.890000343322754,109.75,6.599999904632568,4.46999979019165,40.599998474121094
2022-11-10,12.640000343322754,106.0999984741211,5.71999979019165,3.9800000190734863,39.22999954223633
2022-11-11,12.210000038146973,108.55000305175781,5.789999961853027,3.4600000381469727,39.9900016784668
2022-11-14,12.539999961853027,109.23999786376953,6.010000228881836,3.619999885559082,40.65999984741211
2022-11-16,11.3100004196167,106.04000091552734,5.730000019073486,3.3299999237060547,38.709999084472656
2022-11-17,10.90999984741211,105.69000244140625,5.519999980926514,3.390000104904175,39.54999923706055
2022-11-18,10.380000114440918,104.8499984741211,5.639999866485596,3.1500000953674316,39.279998779296875
2022-11-21,11.0600004196167,106.08000183105469,5.71999979019165,3.380000114440918,39.4900016784668
2022-11-22,10.640000343322754,105.06999969482422,5.539999961853027,3.3399999141693115,38.900001525878906
2022-11-23,10.069999694824219,105.23999786376953,5.139999866485596,3.380000114440918,38.939998626708984
2022-11-24,11.180000305175781,108.19999694824219,5.400000095367432,3.5999999046325684,39.7599983215332
2022-11-25,10.949999809265137,105.06999969482422,5.03000020980835,3.4200000762939453,39.099998474121094
2022-11-28,9.890000343322754,105.1500015258789,4.739999771118164,3.319999933242798,37.5
2022-11-29,10.239999771118164,107.29000091552734,4.739999771118164,3.359999895095825,37.709999084472656
2022-11-30,10.5600004196167,108.58000183105469,5.03000020980835,3.4100000858306885,39.0
2022-12-01,9.829999923706055,107.05999755859375,5.03000020980835,3.0999999046325684,38.310001373291016
2022-12-02,9.670000076293945,107.94999694824219,4.989999771118164,3.240000009536743,38.65999984741211
2022-12-05,9.0,105.62999725341797,4.639999866485596,3.0799999237060547,37.599998474121094
2022-12-06,9.069999694824219,106.73999786376953,4.630000114440918,3.119999885559082,37.709999084472656
2022-12-07,8.979999542236328,105.58999633789062,4.789999961853027,2.940000057220459,37.2599983215332
2022-12-08,8.600000381469727,103.56999969482422,4.300000190734863,2.8399999141693115,37.20000076293945
2022-12-09,8.369999885559082,103.9000015258789,4.25,2.799999952316284,37.099998474121094
2022-12-12,8.449999809265137,101.80000305175781,4.260000228881836,2.799999952316284,36.06999969482422
2022-12-13,8.380000114440918,100.30000305175781,4.25,2.799999952316284,35.790000915527344
2022-12-14,8.140000343322754,100.69999694824219,4.150000095367432,2.630000114440918,37.060001373291016
2022-12-15,7.980000019073486,100.5,3.9600000381469727,2.5999999046325684,37.08000183105469
2022-12-16,7.349999904632568,99.4000015258789,3.6600000858306885,2.369999885559082,37.45000076293945
2022-12-19,8.279999732971191,101.37000274658203,4.019999980926514,2.609999895095825,38.119998931884766
2022-12-20,8.760000228881836,103.55000305175781,4.269999980926514,2.819999933242798,38.43000030517578
2022-12-21,8.819999694824219,103.87000274658203,4.420000076293945,2.609999895095825,38.400001525878906
2022-12-22,9.0600004196167,103.93000030517578,4.380000114440918,2.5999999046325684,38.939998626708984
2022-12-23,9.180000305175781,106.0,4.710000038146973,2.680000066757202,38.5
2022-12-26,9.34000015258789,105.1500015258789,4.71999979019165,2.6600000858306885,38.189998626708984
2022-12-27,9.15999984741211,104.9000015258789,4.380000114440918,2.5199999809265137,38.0099983215332
2022-12-28,9.720000267028809,106.80000305175781,4.570000171661377,2.690000057220459,38.70000076293945
2022-12-29,9.649999618530273,105.94999694824219,4.489999771118164,2.740000009536743,38.5099983215332
